{"s": {"previous-timesteps": 0, "bc-balance": 30.68865000403788, "bc-totalSupply": 14400.95496063064, "symmetries": {"hasSymmetry": 1887, "rotSym": 86, "y0Sym": 197, "x0Sym": 192, "xySym": 669, "xnySym": 786}, "numBankClovers": 687, "numPlayerClovers": 70, "timestepStats": {"cloversKept": 0, "cloversReleased": 20, "cloversTraded": 0, "cloversBoughtFromBank": 0, "cloversListedByPlayers": 0}, "clovers": [623270094346388, 99246350402796, 967044681182347, 176115120399527, 842351222104513, 752578176320097, 815439880092753, 364129000037803, 567618739623168, 636635261743993, 951622341354605, 855189128542716, 555525065766248, 722333422061833, 516002308240556, 501328526756542, 267599889947217, 880291753134331, 405872050611116, 544642444897670, 564889193377671, 995115611309390, 379023871775687, 982888951199815, 412477468553616, 879460017617695, 824899878240086, 360273756849921, 727574533994361, 929590770315541, 628034367175658, 642428050188928, 992221600271781, 69503516490137, 142872032444958, 158656883970806, 455772344329225, 791659034357260, 982321936673793, 194276963006130, 225080704131647, 97965632955626, 919758283414648, 988009794911244, 686691388179220, 491907784569392, 823786657652509, 268595461304641, 746373497477968, 21867915244396, 70784020379495, 66092681548187, 323611775701787, 26558295696968, 816773853504354, 9815565082402, 331769205987102, 45070812759088, 331864190285838, 248284242217237, 205239625856719, 206879394614278, 625266466269925, 363703640997770, 811127729922490, 636818174102867, 263522715746660, 673653117942688, 505347446107926, 679351743099506, 406013430852129, 902488533155053, 330373767536105, 927158521662332, 170898004457354, 919358637435271, 428300352889253, 456622922779399, 451004027213233, 755708083182672, 101198613073086, 783001988068792, 647469735061541, 275138367069921, 210525086352151, 483077749889247, 256651835907141, 940993255805110, 224703918166988, 838635696909148, 34185865683265, 601790410749050, 93013576061300, 844365695795129, 97255123378523, 736511618660120, 184224232613073, 504381016959740, 629508398746484, 147100527970401, 981352045264793, 526288830054377, 115330177274439, 897123347281364, 603218573988700, 701165879244347, 888728259876291, 672179289699432, 373598964013248, 384264009341900, 52081458450155, 876830082100731, 400600204485566, 171559585967643, 597964437898620, 915402303357533, 785677346756721, 436783074559075, 454334507910842, 244930334294313, 697083651843737, 999809745004771, 591256375765478, 24450571820602, 979960752867168, 924426494221398, 705876067467757, 533032389121694, 678555466136793, 277772288925101, 579874354997845, 6706470678586, 732794539067476, 888231261097022, 998105830681679, 809372054116065, 59709320737495, 130387015851655, 142960828332288, 412049472166887, 907174638210021, 790120927687177, 575915572767019, 360407911933746, 754916093998007, 138531552578890, 41932747706117, 958290224483229, 694226198776689, 743972641185411, 261269820422386, 655902508562941, 347396804184025, 81525271496619, 118112437998333, 436563689411192, 364038278714813, 501880092635518, 151408069274967, 933338841272792, 949305225301756, 526251802892003, 316081630879267, 955936004662273, 264448467579855, 701673209425532, 148826714375239, 241530962022406, 227946600602849, 366180967986444, 286387104521486, 776808138537354, 971119174174082, 874251572442512, 236277953199559, 853706809647320, 553835200885469, 135893578615616, 491820540392179, 56162315698949, 234289084199466, 641082028527712, 691327686600250, 302733956268958, 778935534725957, 227930988508821, 387135829781916, 145390837465868, 600747503457150, 619236186193107, 363544980591964, 63981985640331, 488733261137192, 320543416412026, 714011340445440, 901627387511654, 671793586499983, 261915240572102, 186136677161605, 375738888856672, 503397592567022, 757462639330821, 651905384969447, 541302739823600, 374536372188995, 849450720769454, 622536895654032, 568203261319834, 163271355030884, 794338498477408, 435368532596846, 155485966675841, 988859329156845, 533309894330810, 374642828942523, 31115345169261, 985138146583314, 723621126438214, 988776400374149, 909058874726582, 198096436039729, 511563754883744, 234364990236265, 501987651889784, 471712028378655, 557758734713575, 242954334617791, 731823643297985, 364837580437073, 498427413335473, 98612759303768, 832504997635282, 562572967173282, 550582763868283, 552170260366954, 224858240927830, 513086312909933, 888440194591437, 6354066951419, 545653443059403, 393563073840797, 181184711014820, 454219199846362, 269276028124637, 132069503299309, 392078355327671, 130541002187296, 411716458928977, 817723627568088, 678440633213859, 803804912637646, 72944012580465, 85167659519195, 308904494236880, 979548983291413, 976159369407488, 297647697512541, 523380684154511, 955927415269356, 342496881457835, 622489142014330, 368653350307014, 438933773941107, 904032064091989, 646495641275670, 413379597142325, 846642678470156, 275261699179600, 356186530482895, 604991428857842, 33870503142589, 830047574551055, 304121780749908, 913036394415570, 560450404207592, 424909634069101, 391374469085774, 943875140713868, 157399101016767, 490169658929790, 190169151849853, 626162879459113, 777607399603025, 528512870166107, 684483406779383, 606643056174330, 356559802781153, 476929309948126, 451678211749699, 57059442492400, 355458787330466, 178729408651308, 828231156035429, 530597308800040, 303590628393971, 34912942145645, 749224685498471, 490619910386157, 291817172107111, 593542041419124, 772953298776040, 19995851544294, 706169273281873, 39286529492480, 144598337216657, 493526836550858, 36863841512958, 29649774260586, 871999604615949, 657783075477090, 196148924633793, 490193983256207, 177285541082151, 27707438622555, 878948390385625, 306031990139458, 874610345849710, 774776931832819, 336781223606957, 45556207791684, 496055618726589, 854913409965135, 636339930803401, 327866101003295, 294765264150259, 134859923405666, 301557839058198, 963138474115974, 686669526649947, 505054314111642, 766947504386955, 829504703467282, 470326833195796, 653819759320252, 706923300554810, 228955292730544, 473548476866473, 536120720176345, 679826076636096, 104237272128962, 312309589236718, 76419169647715, 775492368986179, 593872837204342, 462681487969543, 117816021998266, 361440825318644, 82806818835109, 71756632156931, 23206474131880, 616284959232143, 864201878923565, 862341491049663, 698763248413900, 285874416377894, 178540968045994, 278977132437605, 259451680365005, 209659501419099, 19455394535664, 393623675149249, 185107151009623, 610679784174052, 403378983644579, 893034349624519, 46186904497882, 460020788242951, 117873005989389, 218345084370126, 832680907937034, 334769050797029, 82562929549590, 563376010282095, 31236082151834, 181724008278286, 281360957935015, 874510884275785, 54657249562333, 375296370209369, 483429068563267, 195213925478117, 977692126736983, 989440660094525, 995014557475106, 979679979633294, 232778197162263, 170651265023544, 421229593942396, 597938246457653, 255610627555335, 164607696486901, 29670635591129, 875931503950002, 147409793587253, 300770088119762, 633943494215663, 87645266222168, 952315442483595, 95308290386986, 100088065440418, 758188366148957, 116329863925759, 436208407589211, 538740698024250, 975561698803259, 515078972573389, 851123426381442, 963789801652167, 835812340350042, 149618995527542, 866570819848835, 984490586680526, 696788858671881, 882523860647608, 426842983096115, 251356509121928, 179843183957006, 601726525207833, 591596596920263, 864751988351662, 344893297676089, 624135958424882, 97834300720102, 328190557946021, 494970072518784, 240425784120548, 109814426125787, 976492797672382, 272777379628712, 709221625608405, 36249263706062, 558329245651216, 163469793617410, 724417741871864, 919643427323320, 173142696750735, 687433525448578, 953964542567143, 495466801549391, 294544669985315, 675212066083407, 251664605409288, 709477616428352, 941478235067049, 640319292844151, 480855982662130, 23888367302832, 358943548615390, 913984202772533, 