{"s": {"previous-timesteps": 0, "bc-balance": 31.899133440428162, "bc-totalSupply": 14277.666821748382, "symmetries": {"hasSymmetry": 1176, "rotSym": 61, "y0Sym": 125, "x0Sym": 124, "xySym": 432, "xnySym": 483}, "numBankClovers": 45, "numPlayerClovers": 1, "timestepStats": {"cloversKept": 0, "cloversReleased": 8, "cloversTraded": 0, "cloversBoughtFromBank": 0, "cloversListedByPlayers": 0}, "clovers": [48407883072844, 72403078408941, 516698130064268, 31667482871282, 618850568896881, 269080575602771, 190468190729914, 79505173724793, 289617550596222, 633316062362203, 357372178279510, 595096148275374, 545517966791653, 650862849623376, 276351649634283, 445712215543604, 638810951161632, 139972195588087, 230267603315646, 225296040160624, 737329502471585, 171461203507419, 395063819242393, 930960817406570, 201247487392334, 669741290229685, 466632485021802, 134221504541964, 428913087204147, 229239085463967, 894978688004230, 154469394869714, 119602113821116, 443964036541865, 811788265911765, 970129207948284, 286803112789831, 924671249631597, 648940046846375, 914342733357500, 220815120679632, 495293999473759, 239375997192435, 783227061951035, 611083118641673, 689696372830044], "players": [906920295549530, 22388549676733, 97418566550722, 623199166053802, 645779461407160, 169320454073744, 399328244107909, 961240688711841, 566687020452221, 849663108317800, 295367395169332, 537451551624043, 247437888535086, 652274483807464, 886972560368204, 778107632103479, 438314538765030, 84244769705560, 11608676050708, 111496707124706], "miners": [932742163968427], "bank": 841615306839802, "network": null}, "run": 1, "substep": 5, "timestep": 5}